<?xml version='1.0' encoding='UTF-8'?>
<WorldCrises><Crisis crisisIdent="XY2012"><Name>A</Name><Kind crisisKindIdent="EQ" /><Location><Country>D</Country></Location><StartDateTime><Date>2011-05-06</Date></StartDateTime><EndDateTime><Date>2012-02-03</Date><Time>2012-02-03</Time></EndDateTime><HumanImpact><Type>Death</Type><Number>120</Number></HumanImpact><EconomicImpact>123029</EconomicImpact><ResourceNeeded>food</ResourceNeeded><WaysToHelp>Donation</WaysToHelp><RelatedPersons /><ExternalResources><ImageURL>http://inapcache.boston.com/universal/site_graphics/blogs/bigpicture/quake1/bp15.jpg</ImageURL></ExternalResources><RelatedOrganizations /></Crisis><Organization organizationIdent="PZ2005"><Name>A</Name><History>Blah</History><ContactInfo><Telephone>+ 41 22 791 21 11</Telephone><PostalAddress><StreetAddress>2012 G Road</StreetAddress><Locality>LA</Locality><Region>Midwest</Region><PostalCode>78650</PostalCode><Country>China</Country></PostalAddress></ContactInfo><Kind organizationKindIdent="HO" /><RelatedPersons /><RelatedCrises /><ExternalResources /><Location><Locality>kjfds3</Locality><Country>France</Country></Location></Organization><Person personIdent="BO1969"><Name><FirstName>Snoop</FirstName><LastName>Lion</LastName></Name><Location><Locality>N</Locality><Region>F</Region><Country>Albania</Country></Location><ExternalResources /><Kind personKindIdent="PR" /><RelatedPersons /><RelatedOrganizations /></Person><CrisisKind crisisKindIdent="EQ"><Name>EarthQuake</Name><Description>The earth shaking due to techtonic plate activity</Description></CrisisKind><OrganizationKind organizationKindIdent="HO"><Name>HO</Name><Description>Does stuff</Description></OrganizationKind><PersonKind personKindIdent="PR"><Name>President</Name><Description>does stuff</Description></PersonKind></WorldCrises>