<WorldCrises>

  <!--Crises-->
  <Crisis crisisIdent = "XY2012">
    <Name>A</Name>
    <Kind crisisKindIdent="EQ"/>
    <Location>
      <Country>D</Country>
    </Location>
    <StartDateTime>
      <Date>2011-05-06</Date>
    </StartDateTime>
    <EndDateTime>
      <Date>2012-02-03</Date>
    </EndDateTime>
    <HumanImpact>
      <Type>Death</Type>
      <Number>120</Number>
    </HumanImpact>
    <EconomicImpact>123029</EconomicImpact>
    <ResourceNeeded>food</ResourceNeeded>
    <WaysToHelp>Donation</WaysToHelp>
    <ExternalResources>
    <ImageURL>http://inapcache.boston.com/universal/site_graphics/blogs/bigpicture/quake1/bp15.jpg</ImageURL>
    </ExternalResources>  
  </Crisis>

  <CrisisKind crisisKindIdent="EQ">
    <Name>EarthQuake</Name>
    <Description>The earth shaking due to techtonic plate activity</Description>
  </CrisisKind>

  <!--Organizations-->
<Organization organizationIdent="PZ2005">
<Name>A</Name>
<Kind organizationKindIdent="HO"/>
<Location>
<Locality>kjfds3</Locality>
<Country>France</Country>
</Location>
<History>Blah</History>
<ContactInfo>
<Telephone>+ 41 22 791 21 11</Telephone>
<Fax></Fax>
<Email></Email>
<PostalAddress>
<StreetAddress>2012 G Road</StreetAddress>
<Locality>LA</Locality>
<Region>Midwest</Region>
<PostalCode>78650</PostalCode>
<Country>China</Country>
</PostalAddress>
</ContactInfo>
<ExternalResources></ExternalResources>
</Organization>
<OrganizationKind organizationKindIdent = "HO">
<Name>HO</Name>
<Description>Does stuff</Description>
</OrganizationKind>


<!--Crises-->
    <Crisis crisisIdent = "XY2012">
  

  <Name>A</Name>
<Kind crisisKindIdent="EQ"/>
  
      <Location><Country>D</Country></Location>
    <StartDateTime><Date>2011-05-06</Date></StartDateTime>
    <EndDateTime><Date>2012-02-03</Date></EndDateTime>
<HumanImpact>
  <Type>Death</Type>
  <Number>120</Number>
</HumanImpact>

<EconomicImpact>123029</EconomicImpact>
<ResourceNeeded>food</ResourceNeeded>
<WaysToHelp>Donation</WaysToHelp>


<ExternalResources></ExternalResources>


  
</Crisis>


<CrisisKind crisisKindIdent="EQ">
  <Name>EarthQuake</Name>


<Description>The earth shaking due to techtonic plate activity</Description>
    </CrisisKind>


      <!--Organizations-->
  
  <Organization organizationIdent="PZ2005">
    <Name>A</Name>
    <Kind organizationKindIdent="HO"/>
    <Location>
      <Locality>kjfds3</Locality>
      <Country>France</Country>
    </Location>
    <History>Blah</History>
    <ContactInfo>
      <Telephone>+ 41 22 791 21 11</Telephone>
      <Fax></Fax>
      <Email></Email>
      <PostalAddress>
        <StreetAddress>2012 G Road</StreetAddress>
        <Locality>LA</Locality>
        <Region>Midwest</Region>
        <PostalCode>78650</PostalCode>
        <Country>China</Country>
      </PostalAddress>
    </ContactInfo>
    <ExternalResources></ExternalResources>
  </Organization>

  <OrganizationKind organizationKindIdent = "HO">
    <Name>HO</Name>
    <Description>Does stuff</Description>
  </OrganizationKind>

  <!--Organizations-->
<Organization organizationIdent="PZ2005">
<Name>A</Name>
<Kind organizationKindIdent="HO"/>
<Location>
<Locality>kjfds3</Locality>
<Country>France</Country>
</Location>
<History>Blah</History>
<ContactInfo>
<Telephone>+ 41 22 791 21 11</Telephone>
<Fax></Fax>
<Email></Email>
<PostalAddress>
<StreetAddress>2012 G Road</StreetAddress>
<Locality>LA</Locality>
<Region>Midwest</Region>
<PostalCode>78650</PostalCode>
<Country>China</Country>
</PostalAddress>
</ContactInfo>
<ExternalResources></ExternalResources>
</Organization>
<OrganizationKind organizationKindIdent = "HO">
<Name>HO</Name>
<Description>Does stuff</Description>
</OrganizationKind>

<!--Organizations-->
<Organization organizationIdent="PZ2005">
<Name>A</Name>
<Kind organizationKindIdent="HO"/>
<Location>
<Locality>kjfds3</Locality>
<Country>France</Country>
</Location>
<History>Blah</History>
<ContactInfo>
<Telephone>+ 41 22 791 21 11</Telephone>
<Fax></Fax>
<Email></Email>
<PostalAddress>
<StreetAddress>2012 G Road</StreetAddress>
<Locality>LA</Locality>
<Region>Midwest</Region>
<PostalCode>78650</PostalCode>
<Country>China</Country>
</PostalAddress>
</ContactInfo>
<ExternalResources></ExternalResources>
</Organization>
<OrganizationKind organizationKindIdent = "HO">
<Name>HO</Name>
<Description>Does stuff</Description>
</OrganizationKind>


      <!--Organizations-->
        <Organization organizationIdent="PZ2005">



  <Name>A</Name>
<Kind organizationKindIdent="HO"/>
    
    <Location>


  <Locality>kjfds3</Locality>
<Country>France</Country>
  </Location>
      <History>Blah</History>


<ContactInfo>
<Telephone>+ 41 22 791 21 11</Telephone>
  <Fax></Fax>

<Email></Email>
  <PostalAddress>
  

<StreetAddress>2012 G Road</StreetAddress>
    <Locality>LA</Locality>
        <Region>Midwest</Region>



<PostalCode>78650</PostalCode>
      <Country>China</Country>
    </PostalAddress>
</ContactInfo>
    <ExternalResources></ExternalResources>

    </Organization>


<OrganizationKind organizationKindIdent = "HO">
      <Name>HO</Name>
    
    <Description>Does stuff</Description>
</OrganizationKind>

<Person personIdent="BO1969">
<Name>
<FirstName>Snoop</FirstName>
<LastName>Lion</LastName>
</Name>
<Kind personKindIdent="PR"/>
<Location>
<Locality>N</Locality>
<Region>F</Region>
<Country>Albania</Country>
</Location>
<ExternalResources></ExternalResources>
</Person>
<PersonKind personKindIdent = "PR">
<Name>President</Name>
<Description>does stuff</Description>
</PersonKind>

    <!--People-->
<Person personIdent="BO1969">
  <Name>



<FirstName>Snoop</FirstName>

  <LastName>Lion</LastName>
      </Name>
    <Kind personKindIdent="PR"/>
  
        <Location>
<Locality>N</Locality>
    <Region>F</Region>


  <Country>Albania</Country>
        </Location>


    <ExternalResources></ExternalResources>
  </Person>
      

  <PersonKind personKindIdent = "PR">
<Name>President</Name>
<Description>does stuff</Description>


            </PersonKind>

            
</WorldCrises>