<WorldCrises>

    <Crisis crisisIdent="HN2009">
        <Name>
            Swine Flu
        </Name>
        <Kind crisisKindIdent="WWIE" />
        <Location>
            <Region>
                Worldwide
            </Region>
        </Location>
        <StartDateTime>
            <Date>
                2009-06-01
            </Date>
        </StartDateTime>
        <EndDateTime>
            <Date>
                2010-05-01
            </Date>
        </EndDateTime>
        <HumanImpact>
            <Type>
                Infected
            </Type>
            <Number>
                1632258
            </Number>
        </HumanImpact>
        <HumanImpact>
            <Type>
                Killed
            </Type>
            <Number>
                19633
            </Number>
        </HumanImpact>
        <EconomicImpact>
            $200 million in damages
        </EconomicImpact>
        <ResourceNeeded>
            Vaccines
        </ResourceNeeded>
        <ResourceNeeded>
            Antivirals
        </ResourceNeeded>
        <WaysToHelp>
            Awareness and prevention
        </WaysToHelp>
        <ExternalResources>
            <ImageURL>http://upload.wikimedia.org/wikipedia/commons/f/f0/H1N1_influenza_virus.jpg</ImageURL>
            <VideoURL>http://www.youtube.com/watch?v=lFl3FRNpU4E</VideoURL>
            <MapURL>http://upload.wikimedia.org/wikipedia/commons/0/00/H1N1_map_by_confirmed_cases.svg</MapURL>
            <SocialNetworkURL>http://www.facebook.com/h1n1Influenza</SocialNetworkURL>
            <Citation>
                WHO
            </Citation>
            <Citation>
                CNN
            </Citation>
            <Citation>
                New York Times
            </Citation>
            <ExternalLinkURL>http://en.wikipedia.org/wiki/2009_flu_pandemic</ExternalLinkURL>
        </ExternalResources>
        <RelatedPersons>
            <RelatedPerson personIdent="BO1961" />
            <RelatedPerson personIdent="MC1947" />
        </RelatedPersons>
        <RelatedOrganizations>
            <RelatedOrganization organizationIdent="WH1948" />
        </RelatedOrganizations>
    </Crisis>
            
    <Crisis crisisIdent="BF2011">
        <Name>
            Bastrop Fires
        </Name>
        <Kind crisisKindIdent="SRWF" />
        <Location>
            <Locality>
                Bastrop
            </Locality>
            <Region>
                Texas
            </Region>
            <Country>
                US
            </Country>
        </Location>
        <StartDateTime>
            <Date>
                2011-09-01
            </Date>
        </StartDateTime>
        <HumanImpact>
            <Type>
                Killed
            </Type>
            <Number>
                2
            </Number>
        </HumanImpact>
        <EconomicImpact>
            $350 million in damages
        </EconomicImpact>
        <ResourceNeeded>
            Human labor
        </ResourceNeeded>
        <ResourceNeeded>
            Construction Equipment
        </ResourceNeeded>
        <ResourceNeeded>
            Funds
        </ResourceNeeded>
        <ResourceNeeded>
            Firemen
        </ResourceNeeded>
        <WaysToHelp>
            Donations
        </WaysToHelp>
        <ExternalResources>
            <ImageURL>http://upload.wikimedia.org/wikipedia/commons/8/84/Texas_National_Guard_extinguishing_flames_from_Ch-47_helicopter.jpg</ImageURL>
            <VideoURL>http://www.kxan.com/dpp/news/local/bird's-eye-view-of-bastrop-fires</VideoURL>
            <MapURL>https://maps.google.com/maps?q=Austin+texas&amp;ie=UTF-8&amp;hq=&amp;hnear=0x8644b599a0cc032f:0x5d9b464bd469d57a,Austin,+TX&amp;gl=us&amp;ei=tqYvUe_zJMmjrAGjz4HoCQ&amp;ved=0CKwBELYD</MapURL>
            <SocialNetworkURL>http://www.facebook.com/pages/Bastrop-Fire-Information-and-Help/284897838194470</SocialNetworkURL>
            <Citation>
                Austin American Statesman
            </Citation>
            <Citation>
                Texas Forest Service
            </Citation>
            <ExternalLinkURL>http://en.wikipedia.org/wiki/Bastrop_County_Complex_fire</ExternalLinkURL>
        </ExternalResources>
        <RelatedPersons>
            <RelatedPerson personIdent="RP1950" />
            <RelatedPerson personIdent="BO1961" />
        </RelatedPersons>
        <RelatedOrganizations>
            <RelatedOrganization organizationIdent="SA1865" />
        </RelatedOrganizations>
    </Crisis>

    <Crisis crisisIdent="MS1980">
        <Name>
            Mt. St. Helen's Eruption
        </Name>
        <Kind crisisKindIdent="VEPT" />
        <Location>
            <Locality>
                Mount St. Helens
            </Locality>
            <Region>
                Washington
            </Region>
            <Country>
                US
            </Country>
        </Location>
        <StartDateTime>
            <Date>
                1980-05-18
            </Date>
        </StartDateTime>
        <HumanImpact>
            <Type>
                Killed
            </Type>
            <Number>
                57
            </Number>
        </HumanImpact>
        <EconomicImpact>
            $2.74 billion in damages
        </EconomicImpact>
        <ResourceNeeded>
            Human labor
        </ResourceNeeded>
        <ResourceNeeded>
            Specialized dump sites
        </ResourceNeeded>
        <WaysToHelp>
            Awareness
        </WaysToHelp>
        <ExternalResources>
            <ImageURL>http://davidnussbaum88.files.wordpress.com/2010/01/msh80_eruption_mount_st_helens_plume_07-22-80.jpg</ImageURL>
            <VideoURL>http://www.youtube.com/watch?v=xP2dreOI8gI</VideoURL>
            <MapURL>http://en.wikipedia.org/wiki/File:1980_Mount_st_helens_ash_distribution.svg</MapURL>
            <SocialNetworkURL>https://www.facebook.com/MountStHelens</SocialNetworkURL>
            <Citation>
                Wikipedia
            </Citation>
            <ExternalLinkURL>http://en.wikipedia.org/wiki/1980_eruption_of_Mount_St._Helens</ExternalLinkURL>
        </ExternalResources>
        <RelatedPersons>
            <RelatedPerson personIdent="JC1924" />
            <RelatedPerson personIdent="DL1914" />
        </RelatedPersons>
        <RelatedOrganizations>
            <RelatedOrganization organizationIdent="FE1979" />
            <RelatedOrganization organizationIdent="UG1879" />
        </RelatedOrganizations>
    </Crisis>

    <Crisis crisisIdent="BS2009">
        <Name>
            Black Saturday Bush Fires
        </Name>
        <Kind crisisKindIdent="SRWF" />
        <Location>
            <Region>
                Victoria
            </Region>
            <Country>
                Australia
            </Country>
        </Location>
        <StartDateTime>
            <Date>
                2009-02-07
            </Date>
        </StartDateTime>
        <HumanImpact>
            <Type>
                Killed
            </Type>
            <Number>
                173
            </Number>
        </HumanImpact>
        <HumanImpact>
            <Type>
                Injured
            </Type>
            <Number>
                414
            </Number>
        </HumanImpact>
        <EconomicImpact>
            $4.4 billion in damages
        </EconomicImpact>
        <ResourceNeeded>
            Human labor
        </ResourceNeeded>
        <ResourceNeeded>
            Construction
        </ResourceNeeded>
        <ResourceNeeded>
            Firemen
        </ResourceNeeded>
        <ResourceNeeded>
            Relief workers
        </ResourceNeeded>
        <WaysToHelp>
            Awareness and donations
        </WaysToHelp>
        <ExternalResources>
            <ImageURL>http://www.blacksaturdaybushfires.com.au/wp-content/uploads/2012/10/Black-Saturday-Bushfires.jpg ; http://econews.com.au/wp-content/uploads/2011/07/bushfires.jpg</ImageURL>
            <VideoURL>http://www.youtube.com/watch?v=t_mSHVxiVvo</VideoURL>
            <MapURL>http://upload.wikimedia.org/wikipedia/commons/thumb/8/83/Major_Victorian_bushfires_in_the_2000s.PNG/300px-Major_Victorian_bushfires_in_the_2000s.PNG</MapURL>
            <Citation>
                Wikipedia
            </Citation>
            <Citation>
                Youtube
            </Citation>
            <ExternalLinkURL>http://en.wikipedia.org/wiki/Black_Saturday_bushfires</ExternalLinkURL>
        </ExternalResources>
        <RelatedPersons>
            <RelatedPerson personIdent="CN1953" />
        </RelatedPersons>
        <RelatedOrganizations>
            <RelatedOrganization organizationIdent="SA1865" />
        </RelatedOrganizations>
    </Crisis>

    <Crisis crisisIdent="DS1989">
        <Name>
            Daulatpur-Saturia Tornadoes
        </Name>
        <Kind crisisKindIdent="TRND" />
        <Location>
            <Region>
                Daulatpur and Saturia
            </Region>
            <Country>
                Bangladesh
            </Country>
        </Location>
        <StartDateTime>
            <Date>
                1989-04-26
            </Date>
        </StartDateTime>
        <HumanImpact>
            <Type>
                Killed
            </Type>
            <Number>
                1300
            </Number>
        </HumanImpact>
        <HumanImpact>
            <Type>
                Injured
            </Type>
            <Number>
                12000
            </Number>
        </HumanImpact>
        <EconomicImpact>
            80000 people homeless
        </EconomicImpact>
        <ResourceNeeded>
            Human labor
        </ResourceNeeded>
        <ResourceNeeded>
            Construction
        </ResourceNeeded>
        <ResourceNeeded>
            Relief programs
        </ResourceNeeded>
        <WaysToHelp>
            Awareness and donations
        </WaysToHelp>
        <ExternalResources>
            <MapURL>http://upload.wikimedia.org/wikipedia/en/thumb/e/ef/Bangladesh_tornado_map_1989.png/240px-Bangladesh_tornado_map_1989.png</MapURL>
            <Citation>
                Wikipedia
            </Citation>
            <ExternalLinkURL>http://en.wikipedia.org/wiki/Daulatpur-Saturia_tornado</ExternalLinkURL>
        </ExternalResources>
    </Crisis>

    <Crisis crisisIdent="RG1994">
        <Name>
            Rwanda Genocide
        </Name>
        <Kind crisisKindIdent="WWRC" />
        <Location>
            <Country>
                Rwanda
            </Country>
        </Location>
        <StartDateTime>
            <Date>
                1994-01-01
            </Date>
        </StartDateTime>
        <HumanImpact>
            <Type>
                Killed
            </Type>
            <Number>
                500000
            </Number>
        </HumanImpact>
        <EconomicImpact>
        </EconomicImpact>
        <ResourceNeeded>
            UN Support
        </ResourceNeeded>
        <ExternalResources>
            <ImageURL>http://upload.wikimedia.org/wikipedia/commons/f/f0/Rwandan_refugee_camp_in_east_Zaire.jpg</ImageURL>
            <MapURL>https://maps.google.com/maps?q=rwanda&amp;hl=en&amp;sll=30.307761,-97.753401&amp;sspn=0.733879,1.234589&amp;hnear=Rwanda&amp;t=m&amp;z=8</MapURL>
            <Citation>
                Wikipedia
            </Citation>
            <ExternalLinkURL>http://en.wikipedia.org/wiki/Rwanda_genocide</ExternalLinkURL>
        </ExternalResources>
        <RelatedPersons>
            <RelatedPerson personIdent="PR1954" />
        </RelatedPersons>
        <RelatedOrganizations>
            <RelatedOrganization organizationIdent="UN1945" />
            <RelatedOrganization organizationIdent="UN1993" />
            <RelatedOrganization organizationIdent="PC1961" />
            <RelatedOrganization organizationIdent="SA1865" />
        </RelatedOrganizations>
    </Crisis>

    <Crisis crisisIdent="CW2009">
        <Name>
            California Wildfires
        </Name>
        <Kind crisisKindIdent="SRWF" />
        <Location>
            <Region>
                California
            </Region>
            <Country>
                US
            </Country>
        </Location>
        <StartDateTime>
            <Date>
                2009-01-01
            </Date>
        </StartDateTime>
        <HumanImpact>
            <Type>
                Killed
            </Type>
            <Number>
                2
            </Number>
        </HumanImpact>
        <EconomicImpact>
            $822,177,000 in damages
        </EconomicImpact>
        <ResourceNeeded>
            Firefighters
        </ResourceNeeded>
        <WaysToHelp>
            Awareness and prevention
        </WaysToHelp>
        <ExternalResources>
            <ImageURL>http://upload.wikimedia.org/wikipedia/commons/thumb/5/5d/2009_California_Wildfires_at_JPL_-_Pasadena%2C_California.jpg/1280px-2009_California_Wildfires_at_JPL_-_Pasadena%2C_California.jpg</ImageURL>
            <VideoURL>http://www.youtube.com/watch?v=ncSosDIKbb0</VideoURL>
            <MapURL>http://upload.wikimedia.org/wikipedia/commons/thumb/d/dd/StationFire4Sept.jpg/1280px-StationFire4Sept.jpg</MapURL>
            <SocialNetworkURL>http://www.facebook.com/pages/California-Fire-News-California-News-and-Wildland-Fire-Information/53417841526</SocialNetworkURL>
            <Citation>
                Wikipedia
            </Citation>
            <ExternalLinkURL>http://en.wikipedia.org/wiki/August_2009_California_wildfires</ExternalLinkURL>
        </ExternalResources>
        <RelatedOrganizations>
            <RelatedOrganization organizationIdent="FE1979" />
            <RelatedOrganization organizationIdent="UG1879" />
            <RelatedOrganization organizationIdent="SA1865" />
        </RelatedOrganizations>
    </Crisis>

    <Crisis crisisIdent="IW2003">
        <Name>
            Iraqi War
        </Name>
        <Kind crisisKindIdent="WWRC" />
        <Location>
            <Country>
                Iraq
            </Country>
        </Location>
        <StartDateTime>
            <Date>
                2003-03-20
            </Date>
        </StartDateTime>
        <EconomicImpact>
            Trillions in damages
        </EconomicImpact>
        <ExternalResources>
            <ImageURL>http://news.antiwar.com/wp-content/uploads/2013/03/hires_080804-A-8725H-341.jpg</ImageURL>
            <VideoURL>https://www.youtube.com/watch?v=B5FaMbnINwc</VideoURL>
            <MapURL>https://maps.google.com/maps?oe=utf-8&amp;client=firefox-a&amp;channel=fflb&amp;q=Iraq&amp;ie=UTF-8&amp;hq=&amp;hnear=0x1557823d54f54a11:0x6da561bba2061602,Iraq&amp;gl=us&amp;ei=kLJcUaX2J8_NqQGBroGoBQ&amp;ved=0CKgBELYD</MapURL>
            <SocialNetworkURL>http://www.facebook.com/pages/Iraq-War/112332505446235?ref=ts&amp;fref=ts</SocialNetworkURL>
            <Citation>
                Wikipedia
            </Citation>
            <Citation>
                Youtube
            </Citation>
            <ExternalLinkURL>http://en.wikipedia.org/wiki/Iraq_War</ExternalLinkURL>
        </ExternalResources>
        <RelatedPersons>
            <RelatedPerson personIdent="DC1966" />
            <RelatedPerson personIdent="GB1946" />
            <RelatedPerson personIdent="SH1937" />
        </RelatedPersons>
        <RelatedOrganizations>
            <RelatedOrganization organizationIdent="UN1945" />
            <RelatedOrganization organizationIdent="SA1865" />
        </RelatedOrganizations>
    </Crisis>

    <Crisis crisisIdent="BP2010">
        <Name>
            BP Oil Spill
        </Name>
        <Kind crisisKindIdent="OLSP" />
        <Location>
            <Region>
                Gulf of Mexico
            </Region>
            <Country>
                US
            </Country>
        </Location>
        <StartDateTime>
            <Date>
                2010-04-20
            </Date>
        </StartDateTime>
        <HumanImpact>
            <Type>
                Killed
            </Type>
            <Number>
                11
            </Number>
        </HumanImpact>
        <EconomicImpact>
            4.9 million barrels of oil lost, bad pollution
        </EconomicImpact>
        <ResourceNeeded>
            Labor
        </ResourceNeeded>
        <ResourceNeeded>
            Petroleum Engineering Expertise
        </ResourceNeeded>
        <ResourceNeeded>
            Cleaning crews
        </ResourceNeeded>
        <WaysToHelp>
            Donate and volunteer
        </WaysToHelp>
        <ExternalResources>
            <ImageURL>http://media.treehugger.com/assets/images/2011/10/burning-oil-rig-explosion-fire-photo11.jpg</ImageURL>
            <VideoURL>http://www.oilspillcommission.gov/media/</VideoURL>
            <MapURL>http://3.bp.blogspot.com/_edvxM1dkFlo/TE9RbxxyTsI/AAAAAAAAAl0/r7Rs7VEqMz0/s1600/SkyTruth_cumulative_BP_spill_16jul10.jpg</MapURL>
            <SocialNetworkURL>https://twitter.com/noaa</SocialNetworkURL>
            <Citation>
                Wikipedia
            </Citation>
            <Citation>
                oilspillcommision.gov
            </Citation>
            <ExternalLinkURL>http://www.oilspillcommission.gov/page/privacy-policy</ExternalLinkURL>
        </ExternalResources>
        <RelatedPersons>
            <RelatedPerson personIdent="BO1961" />
        </RelatedPersons>
        <RelatedOrganizations>
            <RelatedOrganization organizationIdent="SA1865" />
        </RelatedOrganizations>
    </Crisis>

    <Crisis crisisIdent="SA2002">
        <Name>
            SARS Outbreak
        </Name>
        <Kind crisisKindIdent="WWIE" />
        <Location>
            <Region>
                Hong Kong
            </Region>
            <Country>
                China
            </Country>
        </Location>
        <StartDateTime>
            <Date>
                2002-11-01
            </Date>
        </StartDateTime>
        <EndDateTime>
            <Date>
                2003-07-01
            </Date>
        </EndDateTime>
        <HumanImpact>
            <Type>
                Infected
            </Type>
            <Number>
                8273
            </Number>
        </HumanImpact>
        <HumanImpact>
            <Type>
                Killed
            </Type>
            <Number>
                775
            </Number>
        </HumanImpact>
        <EconomicImpact>
            $1.65 million in damages
        </EconomicImpact>
        <ResourceNeeded>
            Vaccines
        </ResourceNeeded>
        <ResourceNeeded>
            Antipyretics
        </ResourceNeeded>
        <ResourceNeeded>
            Oxygen and Ventilation Support
        </ResourceNeeded>
        <WaysToHelp>
            Awareness and prevention
        </WaysToHelp>
        <ExternalResources>
            <ImageURL>http://upload.wikimedia.org/wikipedia/commons/6/6c/Sars-corona.png</ImageURL>
            <VideoURL>http://www.aljazeera.com/news/asia-pacific/2013/02/2013210153855381447.html</VideoURL>
            <MapURL>https://maps.google.com/maps?q=hong+kong&amp;ie=UTF-8&amp;hq=&amp;hnear=0x3403e2eda332980f:0xf08ab3badbeac97c,Hong+Kong&amp;gl=us&amp;ei=k58vUa6bMMj_qwHZhYDwDw&amp;ved=0CKABELYD</MapURL>
            <SocialNetworkURL>http://www.facebook.com/pages/SARS-outbreak/132956950074605#</SocialNetworkURL>
            <Citation>
                CDC
            </Citation>
            <Citation>
                WHO
            </Citation>
            <Citation>
                Social Science and Medicine
            </Citation>
            <ExternalLinkURL>http://en.wikipedia.org/wiki/Severe_acute_respiratory_syndrome</ExternalLinkURL>
            <ExternalLinkURL>http://en.wikipedia.org/wiki/SARS_coronavirus</ExternalLinkURL>
            <ExternalLinkURL>http://en.wikipedia.org/wiki/Progress_of_the_SARS_outbreak</ExternalLinkURL>
        </ExternalResources>
        <RelatedPersons>
            <RelatedPerson personIdent="MC1947" />
        </RelatedPersons>
        <RelatedOrganizations>
            <RelatedOrganization organizationIdent="WH1948" />
            <RelatedOrganization organizationIdent="CD1946" />
        </RelatedOrganizations>
    </Crisis>

    <Organization organizationIdent="GG1996">
        <Name>
            Google
        </Name>
        <Kind organizationKindIdent="TECH" />
        <Location>
            <Region>
                California
            </Region>
            <Country>
                US
            </Country>
        </Location>
        <History>
            Started initially as a research project for Larry Page and Sergey Brin to create a search engine that would rank search results by relevancy and importance
        </History>
        <ContactInfo>
            <Telephone>16502530000</Telephone>
            <Fax></Fax>
            <Email></Email>
            <PostalAddress>
                <StreetAddress>
                    1600 Amphitheatre Parkway
                </StreetAddress>
                <Locality>
                    Mountain View
                </Locality>
                <Region>
                    California
                </Region>
                <PostalCode>
                    94043
                </PostalCode>
                <Country>
                    US
                </Country>
            </PostalAddress>
        </ContactInfo>
        <ExternalResources>
            <ImageURL>http://media.npr.org/assets/img/2012/11/26/google262way_custom-b0a89fbf1933607665ebaac4a7c08bc85e11dfe3-s6-c10.jpg</ImageURL>
            <VideoURL>http://www.youtube.com/watch?v=2FSE3TNFkJQ&amp;feature=player_embedded</VideoURL>
            <MapURL>https://maps.google.com/maps?hl=en&amp;sugexp=les%3B&amp;gs_rn=5&amp;gs_ri=psy-ab&amp;tok=nyfd2p-eW6QBXPuXQmf0mQ&amp;cp=11&amp;gs_id=au&amp;xhr=t&amp;q=google+headquarters&amp;biw=1600&amp;bih=770&amp;bav=on.2,or.r_gc.r_pw.r_cp.r_qf.&amp;bvm=bv.43148975,d.b2U&amp;um=1&amp;ie=UTF-8&amp;sa=N&amp;tab=wl</MapURL>
            <SocialNetworkURL>https://twitter.com/googledevs</SocialNetworkURL>
            <Citation>
                Wikipedia
            </Citation>
            <Citation>
                Google
            </Citation>
            <ExternalLinkURL>http://en.wikipedia.org/wiki/Google</ExternalLinkURL>
        </ExternalResources>
    </Organization>

    <Organization organizationIdent="FE1979">
        <Name>
            FEMA
        </Name>
        <Kind organizationKindIdent="RELF" />
        <Location>
            <Country>
                US
            </Country>
        </Location>
        <History>
            Created in 1979 to respond to disasters
        </History>
        <ContactInfo>
            <Telephone>2026462500</Telephone>
            <Fax></Fax>
            <Email></Email>
            <PostalAddress>
                <StreetAddress>
                </StreetAddress>
                <Locality>
                </Locality>
                <Region>
                </Region>
                <PostalCode>
                </PostalCode>
                <Country>
                </Country>
            </PostalAddress>
        </ContactInfo>
        <ExternalResources>
            <ImageURL>https://si0.twimg.com/profile_images/2620163192/j143q33k69loivqmp2dg.gif</ImageURL>
            <VideoURL>http://www.fema.gov/medialibrary/media_records/7267</VideoURL>
            <MapURL>http://www.nationsonline.org/maps/USA.jpg</MapURL>
            <SocialNetworkURL>https://twitter.com/fema</SocialNetworkURL>
            <Citation>
                FEMA
            </Citation>
            <Citation>
                Wikipedia
            </Citation>
            <Citation>
                Twitter
            </Citation>
            <ExternalLinkURL>http://www.fema.gov/</ExternalLinkURL>
        </ExternalResources>
        <RelatedCrises>
            <RelatedCrisis crisisIdent="BP2010" />
        </RelatedCrises>
    </Organization>

    <Organization organizationIdent="PC1961">
        <Name>
            Peace Corps
        </Name>
        <Kind organizationKindIdent="RELF" />
        <Location>
            <Locality>
                Washington, D.C.
            </Locality>
            <Region>
                Virginia
            </Region>
            <Country>
                US
            </Country>
        </Location>
        <History>
            Established by sets of bills passed following World War II whose purpose was to help developing countries. Idea eventually developed into a volunteer organization funded by the American government.
        </History>
        <ContactInfo>
            <Telephone>8558551961</Telephone>
            <Fax></Fax>
            <Email></Email>
            <PostalAddress>
                <StreetAddress>
                </StreetAddress>
                <Locality>
                </Locality>
                <Region>
                </Region>
                <PostalCode>
                </PostalCode>
                <Country>
                </Country>
            </PostalAddress>
        </ContactInfo>
        <ExternalResources>
            <ImageURL>http://voltaicsystems.com/blog/wp-content/uploads/2011/05/Peace-Corps.jpeg</ImageURL>
            <VideoURL>https://www.youtube.com/watch?v=kxR8XZOeV-s</VideoURL>
            <MapURL>http://upload.wikimedia.org/wikipedia/commons/0/00/PeaceCorpsMap-currentandformer.PNG</MapURL>
            <SocialNetworkURL>https://twitter.com/peacecorps</SocialNetworkURL>
            <Citation>
                Wikipedia
            </Citation>
            <Citation>
                Peace Corps
            </Citation>
            <Citation>
                Google
            </Citation>
            <ExternalLinkURL>http://en.wikipedia.org/wiki/Peace_Corps</ExternalLinkURL>
            <ExternalLinkURL>http://peacecorps.gov</ExternalLinkURL>
        </ExternalResources>
        <RelatedCrises>
            <RelatedCrisis crisisIdent="RG1994" />
        </RelatedCrises>
        <RelatedPersons>
            <RelatedPerson personIdent="JC1924" />
            <RelatedPerson personIdent="BO1961" />
        </RelatedPersons>
    </Organization>

    <Organization organizationIdent="CD1946">
        <Name>
            CDC
        </Name>
        <Kind organizationKindIdent="HLRS" />
        <Location>
            <Locality>
                Druid Hills
            </Locality>
            <Region>
                Georgia
            </Region>
            <Country>
                US
            </Country>
        </Location>
        <History>
            Founded as the Communicable Diseases Center on July 1st 1946, created originally to deal with malaria and was originally based in Atlanta. It has evolved into a general disease research center.
        </History>
        <ContactInfo>
            <Telephone>8002324636</Telephone>
            <Fax></Fax>
            <Email></Email>
            <PostalAddress>
                <StreetAddress>
                    1600 Clifton Rd.
                </StreetAddress>
                <Locality>
                    Atlanta
                </Locality>
                <Region>
                    Georgia
                </Region>
                <PostalCode>
                    30333
                </PostalCode>
                <Country>
                    US
                </Country>
            </PostalAddress>
        </ContactInfo>
        <ExternalResources>
            <ImageURL>http://evaluation.umn.edu/wp-content/uploads/CDC-Logo.jpg</ImageURL>
            <VideoURL>https://www.youtube.com/watch?v=yZkd-ESHvKA&amp;list=PL1BB7628180AA0452&amp;index=1</VideoURL>
            <MapURL>http://imazinebrand.com/shop/files/2010/06/cdc_map.jpg</MapURL>
            <SocialNetworkURL>https://twitter.com/CDCgov</SocialNetworkURL>
            <Citation>
                Wikipedia
            </Citation>
            <Citation>
                CDC
            </Citation>
            <Citation>
                Google
            </Citation>
            <ExternalLinkURL>http://en.wikipedia.org/wiki/Centers_for_Disease_Control_and_Prevention</ExternalLinkURL>
            <ExternalLinkURL>http://cdc.gov</ExternalLinkURL>
        </ExternalResources>
        <RelatedCrises>
            <RelatedCrisis crisisIdent="HN2009" />
            <RelatedCrisis crisisIdent="SA2002" />
        </RelatedCrises>
    </Organization>

    <Organization organizationIdent="UG1879">
        <Name>
            USGS
        </Name>
        <Kind organizationKindIdent="GOVT" />
        <Location>
            <Locality>
                Reston
            </Locality>
            <Region>
                Virginia
            </Region>
            <Country>
                US
            </Country>
        </Location>
        <History>
            Created by an act of Congress on March 3rd 1879 to survey and classify the lands acquired in the Louisiana Purchase and the Mexican War
        </History>
        <ContactInfo>
            <Telephone>18882758747</Telephone>
            <Fax></Fax>
            <Email></Email>
            <PostalAddress>
                <StreetAddress>
                    12201 Sunrise Valley Drive
                </StreetAddress>
                <Locality>
                    Reston
                </Locality>
                <Region>
                    Virginia
                </Region>
                <PostalCode>
                    20192
                </PostalCode>
                <Country>
                    US
                </Country>
            </PostalAddress>
        </ContactInfo>
        <ExternalResources>
            <ImageURL>http://escweb.wr.usgs.gov/share/mooney/USGS_green.jpg</ImageURL>
            <VideoURL>https://www.youtube.com/watch?v=SI0mvM_ECvw&amp;list=PL7BE7DF311014D017&amp;index=76</VideoURL>
            <MapURL>http://vulcan.wr.usgs.gov/Imgs/Gif/PlateTectonics/Maps/map_plate_tectonics_world_med.gif</MapURL>
            <SocialNetworkURL>https://twitter.com/usgs</SocialNetworkURL>
            <Citation>
                Wikipedia
            </Citation>
            <Citation>
                Goole
            </Citation>
            <Citation>
                USGS
            </Citation>
            <ExternalLinkURL>http://en.wikipedia.org/wiki/United_States_Geological_Survey</ExternalLinkURL>
            <ExternalLinkURL>http://www.usgs.gov/</ExternalLinkURL>
        </ExternalResources>
        <RelatedCrises>
            <RelatedCrisis crisisIdent="MS1980" />
            <RelatedCrisis crisisIdent="CW2009" />
        </RelatedCrises>
    </Organization>

    <Organization organizationIdent="UN1993">
        <Name>
            UNAMIR
        </Name>
        <Kind organizationKindIdent="GOVT" />
        <Location>
            <Country>
                Rwanda
            </Country>
        </Location>
        <History>
            Created by the UN to support the Rwandans during conflict
        </History>
        <ContactInfo>
            <Telephone></Telephone>
            <Fax></Fax>
            <Email></Email>
            <PostalAddress>
                <StreetAddress>
                </StreetAddress>
                <Locality>
                </Locality>
                <Region>
                </Region>
                <PostalCode>
                </PostalCode>
                <Country>
                </Country>
            </PostalAddress>
        </ContactInfo>
        <ExternalResources>
            <Citation>
                Wikipedia
            </Citation>
            <ExternalLinkURL>http://en.wikipedia.org/wiki/UNAMIR</ExternalLinkURL>
        </ExternalResources>
        <RelatedCrises>
            <RelatedCrisis crisisIdent="RG1994" />
        </RelatedCrises>
    </Organization>

    <Organization organizationIdent="RC1881">
        <Name>
            American Red Cross
        </Name>
        <Kind organizationKindIdent="RELF" />
        <Location>
            <Locality>
                Washington D.C.
            </Locality>
            <Region>
                Virginia
            </Region>
            <Country>
                US
            </Country>
        </Location>
        <History>
            Established in Washington, D.C. by Clara Barton in 1881 to bring crises relief to individuals in the U.S.
        </History>
        <ContactInfo>
            <Telephone>18007332767</Telephone>
            <Fax></Fax>
            <Email></Email>
            <PostalAddress>
                <StreetAddress>
                    2025 E. Street
                </StreetAddress>
                <Locality>
                    Washington, D.C.
                </Locality>
                <Region>
                    Virginia
                </Region>
                <PostalCode>
                    20006
                </PostalCode>
                <Country>
                    US
                </Country>
            </PostalAddress>
        </ContactInfo>
        <ExternalResources>
            <ImageURL>http://carladavisshow.com/wp-content/uploads/2012/11/red-cross1.jpg</ImageURL>
            <VideoURL>https://www.youtube.com/watch?v=7k0D01ODDFA</VideoURL>
            <MapURL>http://redcrosschat.org/wp-content/uploads/2011/10/sheltermap.png</MapURL>
            <SocialNetworkURL>https://twitter.com/redcross</SocialNetworkURL>
            <Citation>
                Wikipedia
            </Citation>
            <Citation>
                American Red Cross
            </Citation>
            <Citation>
                Google
            </Citation>
            <ExternalLinkURL>http://en.wikipedia.org/wiki/American_Red_Cross</ExternalLinkURL>
            <ExternalLinkURL>http://redcross.org</ExternalLinkURL>
        </ExternalResources>
    </Organization>

    <Organization organizationIdent="UN1945">
        <Name>
            United Nations
        </Name>
        <Kind organizationKindIdent="GOVT" />
        <Location>
            <Locality>
                New York City
            </Locality>
            <Region>
                New York
            </Region>
            <Country>
                US
            </Country>
        </Location>
        <History>
            Designed as a replacement to the League of Nations under the goal of preventing another world war though cooperative problem solving to international problems.
        </History>
        <ContactInfo>
            <Telephone></Telephone>
            <Fax></Fax>
            <Email></Email>
            <PostalAddress>
                <StreetAddress>
                </StreetAddress>
                <Locality>
                </Locality>
                <Region>
                </Region>
                <PostalCode>
                </PostalCode>
                <Country>
                </Country>
            </PostalAddress>
        </ContactInfo>
        <ExternalResources>
            <ImageURL>http://upload.wikimedia.org/wikipedia/commons/thumb/2/2f/Flag_of_the_United_Nations.svg/1024px-Flag_of_the_United_Nations.svg.png</ImageURL>
            <VideoURL>http://www.youtube.com/watch?v=1cqw8-ongtY</VideoURL>
            <MapURL>http://upload.wikimedia.org/wikipedia/commons/thumb/1/13/United_Nations_Members.svg/2000px-United_Nations_Members.svg.png</MapURL>
            <SocialNetworkURL>https://www.facebook.com/unitednations</SocialNetworkURL>
            <Citation>
                Wikipedia
            </Citation>
            <ExternalLinkURL>http://en.wikipedia.org/wiki/Un</ExternalLinkURL>
        </ExternalResources>
        <RelatedCrises>
            <RelatedCrisis crisisIdent="RG1994" />
            <RelatedCrisis crisisIdent="IW2003" />
            <RelatedCrisis crisisIdent="HN2009" />
            <RelatedCrisis crisisIdent="SA2002" />
            <RelatedCrisis crisisIdent="BP2010" />
        </RelatedCrises>
        <RelatedPersons>
            <RelatedPerson personIdent="DC1966" />
            <RelatedPerson personIdent="BO1961" />
            <RelatedPerson personIdent="JC1924" />
            <RelatedPerson personIdent="SH1937" />
            <RelatedPerson personIdent="GB1946" />
            <RelatedPerson personIdent="MC1947" />
        </RelatedPersons>
    </Organization>

    <Organization organizationIdent="SA1865">
        <Name>
            Salvation Army
        </Name>
        <Kind organizationKindIdent="RELF" />
        <Location>
            <Locality>
                London
            </Locality>
            <Country>
                England
            </Country>
        </Location>
        <History>
            Started by William and Catherine Booth as service organization modeled after military hiarchy under the notion that to be effective the organization need to have the force of an army.
        </History>
        <ContactInfo>
            <Telephone></Telephone>
            <Fax></Fax>
            <Email></Email>
            <PostalAddress>
                <StreetAddress>
                    615 Slaters Lane P.O. Box 269
                </StreetAddress>
                <Locality>
                    Alexandria
                </Locality>
                <Region>
                    Virginia
                </Region>
                <PostalCode>
                    22313
                </PostalCode>
                <Country>
                    US
                </Country>
            </PostalAddress>
        </ContactInfo>
        <ExternalResources>
            <ImageURL>http://upload.wikimedia.org/wikipedia/en/thumb/c/c4/The_Salvation_Army.svg/2000px-The_Salvation_Army.svg.png</ImageURL>
            <VideoURL>http://www.youtube.com/watch?v=ey8n3n3MgF4</VideoURL>
            <MapURL>http://upload.wikimedia.org/wikipedia/commons/thumb/e/ed/Salvation_army_world_map.PNG/640px-Salvation_army_world_map.PNG</MapURL>
            <SocialNetworkURL>https://www.facebook.com/SalvationArmyUSA</SocialNetworkURL>
            <Citation>
                Wikipedia
            </Citation>
            <ExternalLinkURL>http://en.wikipedia.org/wiki/Salvation_army</ExternalLinkURL>
        </ExternalResources>
        <RelatedCrises>
            <RelatedCrisis crisisIdent="BF2011" />
            <RelatedCrisis crisisIdent="BS2009" />
            <RelatedCrisis crisisIdent="RG1994" />
            <RelatedCrisis crisisIdent="IW2003" />
            <RelatedCrisis crisisIdent="BP2010" />
            <RelatedCrisis crisisIdent="CW2009" />
        </RelatedCrises>
        <RelatedPersons>
            <RelatedPerson personIdent="BO1961" />
        </RelatedPersons>
    </Organization>

    <Organization organizationIdent="WH1948">
        <Name>
            WHO
        </Name>
        <Kind organizationKindIdent="HLRS" />
        <Location>
            <Region>
                Geneva
            </Region>
            <Country>
                Switzerland
            </Country>
        </Location>
        <History>
            Established on 7 April 1948, as member of the United Nations Development Group to eradicate smallpox
        </History>
        <ContactInfo>
            <Telephone></Telephone>
            <Fax></Fax>
            <Email></Email>
            <PostalAddress>
                <StreetAddress>
                </StreetAddress>
                <Locality>
                </Locality>
                <Region>
                </Region>
                <PostalCode>
                </PostalCode>
                <Country>
                </Country>
            </PostalAddress>
        </ContactInfo>
        <ExternalResources>
            <ImageURL>http://upload.wikimedia.org/wikipedia/commons/8/89/Flag_of_WHO.svg</ImageURL>
            <VideoURL>http://www.youtube.com/user/who</VideoURL>
            <SocialNetworkURL>http://www.facebook.com/WorldHealthOrganization?fref=ts</SocialNetworkURL>
            <Citation>
                League of Nations
            </Citation>
            <Citation>
                Science
            </Citation>
            <Citation>
                British Medicine Journal
            </Citation>
            <ExternalLinkURL>http://en.wikipedia.org/wiki/World_Health_Organization</ExternalLinkURL>
        </ExternalResources>
        <RelatedCrises>
            <RelatedCrisis crisisIdent="HN2009" />
            <RelatedCrisis crisisIdent="SA2002" />
        </RelatedCrises>
        <RelatedPersons>
            <RelatedPerson personIdent="MC1947" />
        </RelatedPersons>
    </Organization>

    <Person personIdent="RP1950">
        <Name>
            <FirstName>
                Rick
            </FirstName>
            <LastName>
                Perry
            </LastName>
        </Name>
        <Kind personKindIdent="GVNR" />
        <Location>
            <Locality>
                Austin
            </Locality>
            <Region>
                Texas
            </Region>
            <Country>
                US
            </Country>
        </Location>
        <ExternalResources>
            <ImageURL>http://upload.wikimedia.org/wikipedia/commons/c/ce/Rick_Perry_by_Gage_Skidmore_8.jpg</ImageURL>
            <VideoURL>http://www.youtube.com/user/govperry</VideoURL>
            <MapURL>https://maps.google.com/maps?q=Austin+texas&amp;ie=UTF-8&amp;hq=&amp;hnear=0x8644b599a0cc032f:0x5d9b464bd469d57a,Austin,+TX&amp;gl=us&amp;ei=tqYvUe_zJMmjrAGjz4HoCQ&amp;ved=0CKwBELYD</MapURL>
            <SocialNetworkURL>http://www.facebook.com/GovernorPerry</SocialNetworkURL>
            <Citation>
                The New York Times
            </Citation>
            <Citation>
                Texas Tribune
            </Citation>
            <ExternalLinkURL>http://en.wikipedia.org/wiki/Rick_Perry</ExternalLinkURL>
        </ExternalResources>
        <RelatedCrises>
            <RelatedCrisis crisisIdent="BF2011" />
        </RelatedCrises>
    </Person>

    <Person personIdent="DC1966">
        <Name>
            <FirstName>
                David
            </FirstName>
            <LastName>
                Cameron
            </LastName>
        </Name>
        <Kind personKindIdent="PSDT" />
        <Location>
            <Region>
                London
            </Region>
            <Country>
                England
            </Country>
        </Location>
        <ExternalResources>
            <ImageURL>http://upload.wikimedia.org/wikipedia/commons/2/21/David_Cameron_official.jpg</ImageURL>
            <VideoURL>https://www.youtube.com/watch?v=V1CcBBLLiEo</VideoURL>
            <MapURL>http://europa.eu/about-eu/countries/images/unitedkingdom_map.gif</MapURL>
            <SocialNetworkURL>https://twitter.com/David_Cameron</SocialNetworkURL>
            <Citation>
                Wikipedia
            </Citation>
            <ExternalLinkURL>http://en.wikipedia.org/wiki/David_Cameron</ExternalLinkURL>
        </ExternalResources>
        <RelatedCrises>
            <RelatedCrisis crisisIdent="BP2010" />
            <RelatedCrisis crisisIdent="IW2003" />
        </RelatedCrises>
        <RelatedOrganizations>
            <RelatedOrganization organizationIdent="UN1945" />
        </RelatedOrganizations>
    </Person>

    <Person personIdent="DL1914">
        <Name>
            <FirstName>
                Dixy
            </FirstName>
            <MiddleName>
                Lee
            </MiddleName>
            <LastName>
                Ray
            </LastName>
        </Name>
        <Kind personKindIdent="GVNR" />
        <Location>
            <Region>
                Washington
            </Region>
            <Country>
                US
            </Country>
        </Location>
        <ExternalResources>
            <ImageURL>http://upload.wikimedia.org/wikipedia/commons/thumb/f/fc/Dixy_Lee_Ray.jpg/341px-Dixy_Lee_Ray.jpg</ImageURL>
            <VideoURL>http://www.youtube.com/watch?v=BT56juVplT0</VideoURL>
            <MapURL>http://www.lib.utexas.edu/maps/united_states/washington_90.jpg</MapURL>
            <SocialNetworkURL>http://www.facebook.com/pages/Dixie-Lee-Ray/114927621855969?rf=112037578826926</SocialNetworkURL>
            <Citation>
                Wikipedia
            </Citation>
            <ExternalLinkURL>http://en.wikipedia.org/wiki/Dixy_Lee_Ray</ExternalLinkURL>
        </ExternalResources>
        <RelatedCrises>
            <RelatedCrisis crisisIdent="MS1980" />
        </RelatedCrises>
    </Person>

    <Person personIdent="CN1953">
        <Name>
            <FirstName>
                Christine
            </FirstName>
            <LastName>
                Nixon
            </LastName>
        </Name>
        <Kind personKindIdent="PBFG" />
        <Location>
            <Region>
                Victoria
            </Region>
            <Country>
                Australia
            </Country>
        </Location>
        <ExternalResources>
            <ImageURL>http://en.wikipedia.org/wiki/File:Christine_Nixon_March_2012.jpg</ImageURL>
            <VideoURL>http://www.youtube.com/watch?v=YP02mRea_so</VideoURL>
            <MapURL>http://www.map-of-australia.co.uk/maps/victoria.gif</MapURL>
            <SocialNetworkURL>https://www.facebook.com/pages/Christine-Nixon/116116688436492</SocialNetworkURL>
            <Citation>
                Wikipedia
            </Citation>
            <Citation>
                Facebook
            </Citation>
            <Citation>
                Youtube
            </Citation>
        </ExternalResources>
        <RelatedCrises>
            <RelatedCrisis crisisIdent="BS2009" />
        </RelatedCrises>
    </Person>

    <Person personIdent="PR1954">
        <Name>
            <FirstName>
                Paul
            </FirstName>
            <LastName>
                Rusesabagina
            </LastName>
        </Name>
        <Kind personKindIdent="HSFG" />
        <Location>
            <Country>
                Rwanda
            </Country>
        </Location>
        <ExternalResources>
            <ImageURL>http://upload.wikimedia.org/wikipedia/commons/3/36/Paul_Rusesabagina.jpg</ImageURL>
            <Citation>
                Wikipedia
            </Citation>
            <ExternalLinkURL>http://en.wikipedia.org/wiki/Paul_Rusesabagina</ExternalLinkURL>
        </ExternalResources>
        <RelatedCrises>
            <RelatedCrisis crisisIdent="RG1994" />
        </RelatedCrises>
        <RelatedOrganizations>
            <RelatedOrganization organizationIdent="UN1945" />
            <RelatedOrganization organizationIdent="UN1993" />
        </RelatedOrganizations>
    </Person>

    <Person personIdent="BO1961">
        <Name>
            <FirstName>
                Barack
            </FirstName>
            <LastName>
                Obama
            </LastName>
        </Name>
        <Kind personKindIdent="PSDT" />
        <Location>
            <Locality>
                Washington, D.C.
            </Locality>
            <Region>
                Virginia
            </Region>
            <Country>
                US
            </Country>
        </Location>
        <ExternalResources>
            <ImageURL>http://upload.wikimedia.org/wikipedia/commons/0/01/Poster-sized_portrait_of_Barack_Obama_OrigRes.jpg</ImageURL>
            <VideoURL>http://www.youtube.com/watch?v=aOL7wzEIZSc</VideoURL>
            <MapURL>http://www.nationsonline.org/maps/USA.jpg</MapURL>
            <SocialNetworkURL>https://twitter.com/BarackObama</SocialNetworkURL>
            <Citation>
                Wikipedia
            </Citation>
            <Citation>
                Twitter
            </Citation>
            <Citation>
                Youtube
            </Citation>
            <Citation>
                Nationsonline.org
            </Citation>
        </ExternalResources>
        <RelatedCrises>
            <RelatedCrisis crisisIdent="BP2010" />
            <RelatedCrisis crisisIdent="IW2003" />
        </RelatedCrises>
        <RelatedOrganizations>
            <RelatedOrganization organizationIdent="PC1961" />
        </RelatedOrganizations>
    </Person>

    <Person personIdent="JC1924">
        <Name>
            <FirstName>
                Jimmy
            </FirstName>
            <LastName>
                Carter
            </LastName>
        </Name>
        <Kind personKindIdent="PSDT" />
        <Location>
            <Locality>
                Washington, D.C.
            </Locality>
            <Region>
                Virginia
            </Region>
            <Country>
                US
            </Country>
        </Location>
        <ExternalResources>
            <ImageURL>http://upload.wikimedia.org/wikipedia/commons/thumb/5/5a/JimmyCarterPortrait2.jpg/833px-JimmyCarterPortrait2.jpg</ImageURL>
            <VideoURL>http://www.youtube.com/watch?v=Lcr89vg9Fpg</VideoURL>
            <MapURL>http://www.nationsonline.org/maps/USA.jpg</MapURL>
            <SocialNetworkURL>https://www.facebook.com/CarterPresidentialLibrary</SocialNetworkURL>
            <Citation>
                Wikipedia
            </Citation>
            <ExternalLinkURL>http://en.wikipedia.org/wiki/Jimmy_carter</ExternalLinkURL>
        </ExternalResources>
        <RelatedCrises>
            <RelatedCrisis crisisIdent="MS1980" />
        </RelatedCrises>
        <RelatedOrganizations>
            <RelatedOrganization organizationIdent="UN1945" />
            <RelatedOrganization organizationIdent="SA1865" />
            <RelatedOrganization organizationIdent="PC1961" />
        </RelatedOrganizations>
    </Person>

    <Person personIdent="MC1947">
        <Name>
            <FirstName>
                Margaret
            </FirstName>
            <LastName>
                Chan
            </LastName>
        </Name>
        <Kind personKindIdent="PBFG" />
        <Location>
            <Region>
                Hong Kong
            </Region>
            <Country>
                China
            </Country>
        </Location>
        <ExternalResources>
            <ImageURL>http://upload.wikimedia.org/wikipedia/commons/3/3c/Margaret_Chan_-_World_Economic_Forum_Annual_Meeting_2011_crop.jpg</ImageURL>
            <VideoURL>http://www.youtube.com/watch?v=Aah9e4FA--k</VideoURL>
            <MapURL>https://maps.google.com/maps?q=hong+kong&amp;ie=UTF-8&amp;hq=&amp;hnear=0x3403e2eda332980f:0xf08ab3badbeac97c,Hong+Kong&amp;gl=us&amp;ei=uZcvUaqRFcqi2wWaiYCgDw&amp;ved=0CKABELYD</MapURL>
            <SocialNetworkURL>http://www.facebook.com/pages/Dr-Margaret-Chan/88513510368</SocialNetworkURL>
            <Citation>
                Forbes
            </Citation>
            <Citation>
                Wikipedia
            </Citation>
            <Citation>
                New York Times
            </Citation>
            <ExternalLinkURL>http://www.who.int/dg/chan/en/index.html</ExternalLinkURL>
        </ExternalResources>
        <RelatedCrises>
            <RelatedCrisis crisisIdent="SA2002" />
            <RelatedCrisis crisisIdent="HN2009" />
        </RelatedCrises>
        <RelatedOrganizations>
            <RelatedOrganization organizationIdent="WH1948" />
        </RelatedOrganizations>
    </Person>

    <Person personIdent="SH1937">
        <Name>
            <FirstName>
                Saddam
            </FirstName>
            <LastName>
                Hussein
            </LastName>
        </Name>
        <Kind personKindIdent="PSDT" />
        <Location>
            <Country>
                Iraq
            </Country>
        </Location>
        <ExternalResources>
            <ImageURL>http://upload.wikimedia.org/wikipedia/commons/thumb/f/f1/Iraq,_Saddam_Hussein_(222).jpg/220px-Iraq,_Saddam_Hussein_(222).jpg</ImageURL>
            <VideoURL>http://www.youtube.com/watch?v=XYXczlVlLyY</VideoURL>
            <MapURL>http://www.lonelyplanet.com/maps/middle-east/iraq/map_of_iraq.jpg</MapURL>
            <Citation>
                Wikipedia
            </Citation>
            <Citation>
                Youtube
            </Citation>
            <Citation>
                Lonely Planet
            </Citation>
            <ExternalLinkURL>http://en.wikipedia.org/wiki/Saddam_Hussein</ExternalLinkURL>
        </ExternalResources>
        <RelatedCrises>
            <RelatedCrisis crisisIdent="IW2003" />
        </RelatedCrises>
    </Person>

    <Person personIdent="GB1946">
        <Name>
            <FirstName>
                George
            </FirstName>
            <MiddleName>
                W
            </MiddleName>
            <LastName>
                Bush
            </LastName>
            <Suffix>
                Jr.
            </Suffix>
        </Name>
        <Kind personKindIdent="PSDT" />
        <Location>
            <Locality>
                Dallas
            </Locality>
            <Region>
                Texas
            </Region>
            <Country>
                US
            </Country>
        </Location>
        <ExternalResources>
            <ImageURL>http://upload.wikimedia.org/wikipedia/commons/d/d4/George-W-Bush.jpeg</ImageURL>
            <VideoURL>https://www.youtube.com/watch?v=ke_OgE_V6tQ</VideoURL>
            <MapURL>http://www.nationsonline.org/maps/USA.jpg</MapURL>
            <SocialNetworkURL>https://www.facebook.com/georgewbush?sid=0.6020978665902271</SocialNetworkURL>
            <Citation>
                Wikipedia
            </Citation>
            <ExternalLinkURL>http://en.wikipedia.org/wiki/George_W_Bush_Jr</ExternalLinkURL>
        </ExternalResources>
        <RelatedCrises>
            <RelatedCrisis crisisIdent="IW2003" />
        </RelatedCrises>
    </Person>

        <CrisisKind crisisKindIdent="WWIE">
        <Name>
            Worldwide Illness or Epidemic
        </Name>
        <Description>
            A disease or illness that has worldwide repercussions.
        </Description>
    </CrisisKind>

    <CrisisKind crisisKindIdent="SRWF">
        <Name>
            Spontaneous Regional Wildfire
        </Name>
        <Description>
            A wildfire that occurs within a specific region.
        </Description>
    </CrisisKind>

    <CrisisKind crisisKindIdent="VEPT">
        <Name>
            Volcanic Eruption
        </Name>
        <Description>
            A volcanic eruption.
        </Description>
    </CrisisKind>

    <CrisisKind crisisKindIdent="WWRC">
        <Name>
            Worldwide or Regional Conflict
        </Name>
        <Description>
            A conflict, usually violent, that occurs either on the worldwide or regional scale.
        </Description>
    </CrisisKind>

    <CrisisKind crisisKindIdent="TRND">
        <Name>
            Tornado
        </Name>
        <Description>
            A natural disaster caused by a tornado.
        </Description>
    </CrisisKind>

    <CrisisKind crisisKindIdent="OLSP">
        <Name>
            Oil Spill
        </Name>
        <Description>
            A large oil spill caused by either physical destruction of the oil rig or a leak.
        </Description>
    </CrisisKind>

    <OrganizationKind organizationKindIdent="TECH">
        <Name>
            Technological Organization
        </Name>
        <Description>
            Multinational Technology Services Corporation
        </Description>
    </OrganizationKind>

    <OrganizationKind organizationKindIdent="RELF">
        <Name>
            Emergency Relief Organization
        </Name>
        <Description>
            Provides relief and assistance for emergencies
        </Description>
    </OrganizationKind>

    <OrganizationKind organizationKindIdent="HLRS">
        <Name>
            Health Research, Awareness, and Prevention Organization
        </Name>
        <Description>
            Provides relief, awareness, and performs research on a number of diseases and illnesses on a worldwide basis.
        </Description>
    </OrganizationKind>

    <OrganizationKind organizationKindIdent="GOVT">
        <Name>
            Governmental and Political Organization
        </Name>
        <Description>
            An organization chartered by the government for a specific purpose such as research or diplomatic relations and negotiation.
        </Description>
    </OrganizationKind>

    <PersonKind personKindIdent="PSDT">
        <Name>
            President
        </Name>
        <Description>
            A president or prime minister of a country
        </Description>
    </PersonKind>

    <PersonKind personKindIdent="GVNR">
        <Name>
            Governor
        </Name>
        <Description>
            The governor of a state.
        </Description>
    </PersonKind>

    <PersonKind personKindIdent="PBFG">
        <Name>
            Public Figure
        </Name>
        <Description>
            A person holding a public office.
        </Description>
    </PersonKind>

    <PersonKind personKindIdent="HSFG">
        <Name>
            Historical Figure
        </Name>
        <Description>
            A person that played a significant role in history.
        </Description>
    </PersonKind>

</WorldCrises>